INSERT INTO `order_management`.`tbl_customer` (`customer_id`, `address`, `mobile`, `customer_name`) VALUES ('1', '18 Le Trong Tan, Ha Noi', '0912906996', 'Tran Phuong Thao');
INSERT INTO `order_management`.`tbl_customer` (`customer_id`, `address`, `mobile`, `customer_name`) VALUES ('2', '20 Truong Chinh, Ha Noi', '0913290243', 'Nguyen Thi Lan Ha');
INSERT INTO `order_management`.`tbl_customer` (`customer_id`, `address`, `mobile`, `customer_name`) VALUES ('3', '125A Nguyen Du, Nam Dinh', '0822196874', 'Nguyen Tran Van Anh');
INSERT INTO `order_management`.`tbl_customer` (`customer_id`, `address`, `mobile`, `customer_name`) VALUES ('4', '487 Dinh Thi Van, Nam Dinh', '0911926888', 'Pham Van Lan');
INSERT INTO `order_management`.`tbl_customer` (`customer_id`, `address`, `mobile`, `customer_name`) VALUES ('5', '49 Ly Cong Uan, Da Nang', '0912955955', 'Truong Thi May');
INSERT INTO `order_management`.`tbl_customer` (`customer_id`, `address`, `mobile`, `customer_name`) VALUES ('6', '80 Do Huy Lieu, Da Nang', '0943263475', 'Nguyen Tran Ngoc Long');
INSERT INTO `order_management`.`tbl_customer` (`customer_id`, `address`, `mobile`, `customer_name`) VALUES ('7', '489C Cua Nam, TP.HCM', '0913299412', 'Nguyen Ba Van Thao');
INSERT INTO `order_management`.`tbl_customer` (`customer_id`, `address`, `mobile`, `customer_name`) VALUES ('8', '522A Trang Thi, TP HCM', '0943316694', 'Tran Thi Binh');
INSERT INTO `order_management`.`tbl_customer` (`customer_id`, `address`, `mobile`, `customer_name`) VALUES ('9', '128B Giai Phong, Vung Tau', '0822644157', 'Do Hoang Lan Phuong');
INSERT INTO `order_management`.`tbl_customer` (`customer_id`, `address`, `mobile`, `customer_name`) VALUES ('10', '228 Pham Ngu Lao, Vung Tau', '0963399455', 'Bui Hoang Viet Anh');

INSERT INTO `order_management`.`tbl_product` (`p_id`, `available`, `p_name`, `price`) VALUES ('1', '100', 'Non thoi trang cao cap', '500000');
INSERT INTO `order_management`.`tbl_product` (`p_id`, `available`, `p_name`, `price`) VALUES ('2', '300', 'Channel Fake 1', '1000000');
INSERT INTO `order_management`.`tbl_product` (`p_id`, `available`, `p_name`, `price`) VALUES ('3', '1000', 'Giay Adidas Fake 1', '1200000');
INSERT INTO `order_management`.`tbl_product` (`p_id`, `available`, `p_name`, `price`) VALUES ('4', '5000', 'Gucci cao cap chinh hang Y', '5000000');
INSERT INTO `order_management`.`tbl_product` (`p_id`, `available`, `p_name`, `price`) VALUES ('5', '600', 'Balo MCM Stark Backpack in Visetos Mix', '12000000');
INSERT INTO `order_management`.`tbl_product` (`p_id`, `available`, `p_name`, `price`) VALUES ('6', '2000', 'Thigh high boot 15cm', '600000');
INSERT INTO `order_management`.`tbl_product` (`p_id`, `available`, `p_name`, `price`) VALUES ('7', '400', 'Quan Jean Balmani nam', '350000');
INSERT INTO `order_management`.`tbl_product` (`p_id`, `available`, `p_name`, `price`) VALUES ('8', '800', 'Ao phong thoi trang nam', '500000');
INSERT INTO `order_management`.`tbl_product` (`p_id`, `available`, `p_name`, `price`) VALUES ('9', '700', 'Khan choang long cao cap', '2000000');
INSERT INTO `order_management`.`tbl_product` (`p_id`, `available`, `p_name`, `price`) VALUES ('10', '900', 'Ao mang to dai tay', '450000');

INSERT INTO `order_management`.`tbl_order` (`order_id`, `order_datetime`, `status`, `total_amount`, `customer_id`) VALUES ('1', '2021-12-06 12:00:00', 'PAID', '1000000', '1');
INSERT INTO `order_management`.`tbl_order` (`order_id`, `order_datetime`, `status`, `total_amount`, `customer_id`) VALUES ('2', '2021-11-06 12:00:00', 'PAID', '1000000', '1');
INSERT INTO `order_management`.`tbl_order` (`order_id`, `order_datetime`, `status`, `total_amount`, `customer_id`) VALUES ('3', '2021-11-07 12:00:00', 'PAID', '12000000', '2');
INSERT INTO `order_management`.`tbl_order` (`order_id`, `order_datetime`, `status`, `total_amount`, `customer_id`) VALUES ('4', '2021-12-08 12:00:00', 'PAID', '1200000', '3');
INSERT INTO `order_management`.`tbl_order` (`order_id`, `order_datetime`, `status`, `total_amount`, `customer_id`) VALUES ('5', '2021-02-09 12:00:00', 'PAID', '10000000', '3');
INSERT INTO `order_management`.`tbl_order` (`order_id`, `order_datetime`, `status`, `total_amount`, `customer_id`) VALUES ('6', '2021-11-06 12:00:00', 'CANCELLED', '900000', '4');
INSERT INTO `order_management`.`tbl_order` (`order_id`, `order_datetime`, `status`, `total_amount`, `customer_id`) VALUES ('7', '2022-01-02 12:00:00', 'CANCELLED', '700000', '10');
INSERT INTO `order_management`.`tbl_order` (`order_id`, `order_datetime`, `status`, `total_amount`, `customer_id`) VALUES ('8', '2022-02-02 14:00:00', 'PAID', '1800000', '5');
INSERT INTO `order_management`.`tbl_order` (`order_id`, `order_datetime`, `status`, `total_amount`, `customer_id`) VALUES ('9', '2022-03-02 16:00:00', 'PAID', '3000000', '6');
INSERT INTO `order_management`.`tbl_order` (`order_id`, `order_datetime`, `status`, `total_amount`, `customer_id`) VALUES ('10', '2022-06-28 19:00:00', 'PAID', '24000000', '7');
INSERT INTO `order_management`.`tbl_order` (`order_id`, `order_datetime`, `status`, `total_amount`, `customer_id`) VALUES ('11', '2022-06-28 19:00:00', 'CREATED', '450000', '8');
INSERT INTO `order_management`.`tbl_order` (`order_id`, `order_datetime`, `status`, `total_amount`, `customer_id`) VALUES ('12', '2022-06-28 19:00:00', 'CANCELLED', '500000', '1');
INSERT INTO `order_management`.`tbl_order` (`order_id`, `order_datetime`, `status`, `total_amount`, `customer_id`) VALUES ('13', '2022-06-28 19:00:00', 'CREATED', '600000', '10');
INSERT INTO `order_management`.`tbl_order` (`order_id`, `order_datetime`, `status`, `total_amount`, `customer_id`) VALUES ('14', '2022-06-28 19:00:00', 'CREATED', '3600000', '9');
INSERT INTO `order_management`.`tbl_order` (`order_id`, `order_datetime`, `status`, `total_amount`, `customer_id`) VALUES ('15', '2022-06-28 19:00:00', 'CREATED', '1000000', '5');

INSERT INTO `order_management`.`tbl_order_item` (`id`, `amount`, `quantity`, `order_id`, `product_id`) VALUES ('1', '500000', '1', '1', '1');
INSERT INTO `order_management`.`tbl_order_item` (`id`, `amount`, `quantity`, `order_id`, `product_id`) VALUES ('2', '500000', '1', '1', '8');
INSERT INTO `order_management`.`tbl_order_item` (`id`, `amount`, `quantity`, `order_id`, `product_id`) VALUES ('3', '1000000', '1', '2', '2');
INSERT INTO `order_management`.`tbl_order_item` (`id`, `amount`, `quantity`, `order_id`, `product_id`) VALUES ('4', '12000000', '1', '3', '5');
INSERT INTO `order_management`.`tbl_order_item` (`id`, `amount`, `quantity`, `order_id`, `product_id`) VALUES ('5', '1200000', '1', '4', '3');
INSERT INTO `order_management`.`tbl_order_item` (`id`, `amount`, `quantity`, `order_id`, `product_id`) VALUES ('6', '5000000', '1', '5', '4');
INSERT INTO `order_management`.`tbl_order_item` (`id`, `amount`, `quantity`, `order_id`, `product_id`) VALUES ('7', '3000000', '5', '5', '6');
INSERT INTO `order_management`.`tbl_order_item` (`id`, `amount`, `quantity`, `order_id`, `product_id`) VALUES ('8', '2000000', '1', '5', '9');
INSERT INTO `order_management`.`tbl_order_item` (`id`, `amount`, `quantity`, `order_id`, `product_id`) VALUES ('9', '900000', '2', '6', '10');
INSERT INTO `order_management`.`tbl_order_item` (`id`, `amount`, `quantity`, `order_id`, `product_id`) VALUES ('10', '700000', '2', '7', '7');
INSERT INTO `order_management`.`tbl_order_item` (`id`, `amount`, `quantity`, `order_id`, `product_id`) VALUES ('11', '500000', '1', '8', '1');
INSERT INTO `order_management`.`tbl_order_item` (`id`, `amount`, `quantity`, `order_id`, `product_id`) VALUES ('12', '350000', '1', '8', '7');
INSERT INTO `order_management`.`tbl_order_item` (`id`, `amount`, `quantity`, `order_id`, `product_id`) VALUES ('13', '500000', '1', '8', '8');
INSERT INTO `order_management`.`tbl_order_item` (`id`, `amount`, `quantity`, `order_id`, `product_id`) VALUES ('14', '450000', '1', '8', '10');
INSERT INTO `order_management`.`tbl_order_item` (`id`, `amount`, `quantity`, `order_id`, `product_id`) VALUES ('15', '3000000', '3', '9', '2');
INSERT INTO `order_management`.`tbl_order_item` (`id`, `amount`, `quantity`, `order_id`, `product_id`) VALUES ('16', '24000000', '2', '10', '5');
INSERT INTO `order_management`.`tbl_order_item` (`id`, `amount`, `quantity`, `order_id`, `product_id`) VALUES ('17', '450000', '1', '11', '10');
INSERT INTO `order_management`.`tbl_order_item` (`id`, `amount`, `quantity`, `order_id`, `product_id`) VALUES ('18', '500000', '1', '12', '8');
INSERT INTO `order_management`.`tbl_order_item` (`id`, `amount`, `quantity`, `order_id`, `product_id`) VALUES ('19', '600000', '1', '13', '6');
INSERT INTO `order_management`.`tbl_order_item` (`id`, `amount`, `quantity`, `order_id`, `product_id`) VALUES ('20', '1200000', '1', '14', '3');
INSERT INTO `order_management`.`tbl_order_item` (`id`, `amount`, `quantity`, `order_id`, `product_id`) VALUES ('21', '600000', '2', '14', '6');
INSERT INTO `order_management`.`tbl_order_item` (`id`, `amount`, `quantity`, `order_id`, `product_id`) VALUES ('22', '350000', '1', '14', '7');
INSERT INTO `order_management`.`tbl_order_item` (`id`, `amount`, `quantity`, `order_id`, `product_id`) VALUES ('23', '1000000', '1', '14', '8');
INSERT INTO `order_management`.`tbl_order_item` (`id`, `amount`, `quantity`, `order_id`, `product_id`) VALUES ('24', '450000', '1', '14', '10');
INSERT INTO `order_management`.`tbl_order_item` (`id`, `amount`, `quantity`, `order_id`, `product_id`) VALUES ('25', '500000', '1', '15', '1');
INSERT INTO `order_management`.`tbl_order_item` (`id`, `amount`, `quantity`, `order_id`, `product_id`) VALUES ('26', '500000', '1', '15', '8');
